{
  "regression": {
    "mae": 8183.153030983663,
    "mse": 483347283.34933746,
    "rmse": 21985.16052589422,
    "r2": 0.999060255784013,
    "mape": 1.6313724001120606
  },
  "classification": {
    "accuracy": 0.993,
    "precision": 0.9948275862068966,
    "recall": 0.9931153184165232,
    "f1": 0.9939707149009475,
    "confusion_matrix": [
      [
        416,
        3
      ],
      [
        4,
        577
      ]
    ]
  }
}